Title,Link,Publisher,Journal,Author Order,Authors,Year,DOI,Quartile,Researcher Name,Researcher ID,Affiliation,Department
"Optimasi Klasifikasi Sentimen Komentar Pengguna Game Bergerak Menggunakan Svm, Grid Search Dan Kombinasi N-Gram",https://garuda.kemdikbud.go.id/documents/detail/4515174,Jurnal Teknologi Informasi dan Ilmu Komputer Vol 11 No 4: Agustus 2024743-752,Jurnal Teknologi Informasi dan Ilmu Komputer Vol 11 No 4: Agustus 2024743-752,Author Order : 4 of 4,Jurnal Teknologi Informasi dan Ilmu Komputer Vol 11 No 4: Agustus 2024743-752,2024,DOI: 10.25126/jtiik.1148244,Accred : Sinta 2,ISTIADI,161222,Universitas Widya Gama,S1 - Teknik Informatika
KLASIFIKASI JENIS SARUNG ADAT ILE APE MENGGUNAKAN GLCM DAN SVM,https://garuda.kemdikbud.go.id/documents/detail/4523130,JATI (Jurnal Mahasiswa Teknik Informatika) Vol. 8 No. 4 (2024): JATI Vol. 8 No. 47196-7203,JATI (Jurnal Mahasiswa Teknik Informatika) Vol. 8 No. 4 (2024): JATI Vol. 8 No. 47196-7203,Author Order : 4 of 4,JATI (Jurnal Mahasiswa Teknik Informatika) Vol. 8 No. 4 (2024): JATI Vol. 8 No. 47196-7203,2024,DOI: 10.36040/jati.v8i4.10223,Accred : Sinta 5,ISTIADI,161222,Universitas Widya Gama,S1 - Teknik Informatika
DETEKSI KESEGERAN IKAN LAYUR BERDASARKAN CITRA MATA MENGGUNAKAN YOLOV8,https://garuda.kemdikbud.go.id/documents/detail/4523389,JATI (Jurnal Mahasiswa Teknik Informatika) Vol. 8 No. 5 (2024): JATI Vol. 8 No. 510263-10270,JATI (Jurnal Mahasiswa Teknik Informatika) Vol. 8 No. 5 (2024): JATI Vol. 8 No. 510263-10270,Author Order : 4 of 4,JATI (Jurnal Mahasiswa Teknik Informatika) Vol. 8 No. 5 (2024): JATI Vol. 8 No. 510263-10270,2024,DOI: 10.36040/jati.v8i5.11020,Accred : Sinta 5,ISTIADI,161222,Universitas Widya Gama,S1 - Teknik Informatika
Analisis Kualitas Pelayanan Magang Mahasiswa Vokasional Dengan Pendekatan Model Servqual Analyis,https://garuda.kemdikbud.go.id/documents/detail/4532813,"Jurnal Pendidikan Manajemen Perkantoran Vol 9, No 2 (2024): Juli 2024235-254","Jurnal Pendidikan Manajemen Perkantoran Vol 9, No 2 (2024): Juli 2024235-254",Author Order : 4 of 4,"Jurnal Pendidikan Manajemen Perkantoran Vol 9, No 2 (2024): Juli 2024235-254",2024,DOI: 10.17509/jpm.v9i2.69736,Accred : Sinta 3,ISTIADI,161222,Universitas Widya Gama,S1 - Teknik Informatika
Identification of Tempe Fermentation Maturity Using Principal Component Analysis and K-Nearest Neighbor,https://garuda.kemdikbud.go.id/documents/detail/3230288,"Sinkron : jurnal dan penelitian teknik informatika Vol. 7 No. 1 (2023): Articles Research Volume 7 Issue 1, 2023286-294","Sinkron : jurnal dan penelitian teknik informatika Vol. 7 No. 1 (2023): Articles Research Volume 7 Issue 1, 2023286-294",Author Order : 4 of 4,"Sinkron : jurnal dan penelitian teknik informatika Vol. 7 No. 1 (2023): Articles Research Volume 7 Issue 1, 2023286-294",2023,DOI: 10.33395/sinkron.v8i1.12006,Accred : Sinta 3,ISTIADI,161222,Universitas Widya Gama,S1 - Teknik Informatika
REKOMENDASI PENJUALAN PRODUK PADA DISTRO DECKHOOD MENGGUNAKAN ALGORITMA APRIORI,https://garuda.kemdikbud.go.id/documents/detail/3338750,"Prosidia Widya Saintek Vol 2, No 1 (2023)19-28","Prosidia Widya Saintek Vol 2, No 1 (2023)19-28",Author Order : 4 of 4,"Prosidia Widya Saintek Vol 2, No 1 (2023)19-28",2023,DOI: -,Accred : Unknown,ISTIADI,161222,Universitas Widya Gama,S1 - Teknik Informatika
MODEL E-LEARNING BERBASIS GAMIFIKASI (STUDI KASUS DI PRODI TEKNIK INFORMATIKA UNIV WIDYAGAMA),https://garuda.kemdikbud.go.id/documents/detail/3338755,"Prosidia Widya Saintek Vol 2, No 1 (2023)29-38","Prosidia Widya Saintek Vol 2, No 1 (2023)29-38",Author Order : 4 of 4,"Prosidia Widya Saintek Vol 2, No 1 (2023)29-38",2023,DOI: -,Accred : Unknown,ISTIADI,161222,Universitas Widya Gama,S1 - Teknik Informatika
SEGMENTASI CITRA BURUNG LOVEBIRD MENGGUNAKAN K-MEANS,https://garuda.kemdikbud.go.id/documents/detail/3371916,JATISI (Jurnal Teknik Informatika dan Sistem Informasi) Vol 10 No 1 (2023): JATISI (Jurnal Teknik Informatika dan Sistem Informasi)706-718,JATISI (Jurnal Teknik Informatika dan Sistem Informasi) Vol 10 No 1 (2023): JATISI (Jurnal Teknik Informatika dan Sistem Informasi)706-718,Author Order : 4 of 4,JATISI (Jurnal Teknik Informatika dan Sistem Informasi) Vol 10 No 1 (2023): JATISI (Jurnal Teknik Informatika dan Sistem Informasi)706-718,2023,DOI: 10.35957/jatisi.v10i1.3452,Accred : Sinta 5,ISTIADI,161222,Universitas Widya Gama,S1 - Teknik Informatika
Pengendali Dan Pemantau Arus Tegangan Pada Terminal Listrik Rumah Tangga Berbasis IoT,https://garuda.kemdikbud.go.id/documents/detail/3553464,"JOINTECS (Journal of Information Technology and Computer Science) Vol 8, No 1 (2023)27-32","JOINTECS (Journal of Information Technology and Computer Science) Vol 8, No 1 (2023)27-32",Author Order : 4 of 4,"JOINTECS (Journal of Information Technology and Computer Science) Vol 8, No 1 (2023)27-32",2023,DOI: 10.31328/jointecs.v8i1.4633,Accred : Sinta 3,ISTIADI,161222,Universitas Widya Gama,S1 - Teknik Informatika
Image Classification of Tempe Fermentation Maturity Using NaÃ¯ve Bayes Based on Linear Discriminant Analysis,https://garuda.kemdikbud.go.id/documents/detail/3582970,"JOURNAL OF SCIENCE AND APPLIED ENGINEERING Vol 6, No 1 (2023): JSAE22-30","JOURNAL OF SCIENCE AND APPLIED ENGINEERING Vol 6, No 1 (2023): JSAE22-30",Author Order : 4 of 4,"JOURNAL OF SCIENCE AND APPLIED ENGINEERING Vol 6, No 1 (2023): JSAE22-30",2023,DOI: 10.31328/jsae.v6i1.4655,Accred : Sinta 4,ISTIADI,161222,Universitas Widya Gama,S1 - Teknik Informatika
Improvement of Starling Image Classification with Gabor and Wavelet Based on Artificial Neural Network,https://garuda.kemdikbud.go.id/documents/detail/4533077,"JOIV : International Journal on Informatics Visualization Vol 7, No 4 (2023)2344-2350","JOIV : International Journal on Informatics Visualization Vol 7, No 4 (2023)2344-2350",Author Order : 2 of 4,"JOIV : International Journal on Informatics Visualization Vol 7, No 4 (2023)2344-2350",2023,DOI: 10.62527/joiv.7.4.1381,Accred : Sinta 1,ISTIADI,161222,Universitas Widya Gama,S1 - Teknik Informatika
PENILAIAN RESIKO ERGONOMI PADA USAHA BATIK DI OMA DIFFABEL LAWANG,https://garuda.kemdikbud.go.id/documents/detail/3219676,Conference on Innovation and Application of Science and Technology (CIASTECH) CIASTECH 2022 Transisi Global dalam Mencapai SDGs 2030677-686,Conference on Innovation and Application of Science and Technology (CIASTECH) CIASTECH 2022 Transisi Global dalam Mencapai SDGs 2030677-686,Author Order : 2 of 4,Conference on Innovation and Application of Science and Technology (CIASTECH) CIASTECH 2022 Transisi Global dalam Mencapai SDGs 2030677-686,2022,DOI: -,Accred : Unknown,ISTIADI,161222,Universitas Widya Gama,S1 - Teknik Informatika
Klasifikasi Logo Mobil Menggunakan Jaringan Syaraf Tiruan Backpropagation dan Decision Tree,https://garuda.kemdikbud.go.id/documents/detail/2564883,"JOINTECS (Journal of Information Technology and Computer Science) Vol 7, No 1 (2022)27-34","JOINTECS (Journal of Information Technology and Computer Science) Vol 7, No 1 (2022)27-34",Author Order : 2 of 4,"JOINTECS (Journal of Information Technology and Computer Science) Vol 7, No 1 (2022)27-34",2022,DOI: 10.31328/jointecs.v7i1.3464,Accred : Sinta 3,ISTIADI,161222,Universitas Widya Gama,S1 - Teknik Informatika
Mamdani Fuzzy Expert System for Online Learning to Diagnose Infectious Diseases,https://garuda.kemdikbud.go.id/documents/detail/3231127,Jurnal RESTI (Rekayasa Sistem dan Teknologi Informasi) Vol 6 No 6 (2022): Desember 20221047 - 1056,Jurnal RESTI (Rekayasa Sistem dan Teknologi Informasi) Vol 6 No 6 (2022): Desember 20221047 - 1056,Author Order : 2 of 4,Jurnal RESTI (Rekayasa Sistem dan Teknologi Informasi) Vol 6 No 6 (2022): Desember 20221047 - 1056,2022,DOI: 10.29207/resti.v6i6.4656,Accred : Sinta 2,ISTIADI,161222,Universitas Widya Gama,S1 - Teknik Informatika
Peningkatan Kapasitas Proses Produksi UKM Keripik Tempe Melalui Implementasi Mesin Pemotongan Tempe,https://garuda.kemdikbud.go.id/documents/detail/2598376,"JURNAL APLIKASI DAN INOVASI IPTEKS ""SOLIDITAS"" (J-SOLID) Vol 5, No 1 (2022): Jurnal Aplikasi Dan Inovasi Ipteks SOLIDITAS175-180","JURNAL APLIKASI DAN INOVASI IPTEKS ""SOLIDITAS"" (J-SOLID) Vol 5, No 1 (2022): Jurnal Aplikasi Dan Inovasi Ipteks SOLIDITAS175-180",Author Order : 2 of 4,"JURNAL APLIKASI DAN INOVASI IPTEKS ""SOLIDITAS"" (J-SOLID) Vol 5, No 1 (2022): Jurnal Aplikasi Dan Inovasi Ipteks SOLIDITAS175-180",2022,DOI: 10.31328/js.v5i1.3468,Accred : Unknown,ISTIADI,161222,Universitas Widya Gama,S1 - Teknik Informatika
Sistem Pemantau dan Kendali Tekanan Gas SF6 PMT Gardu Induk Melalui IoT,https://garuda.kemdikbud.go.id/documents/detail/3040817,"Jetri : Jurnal Ilmiah Teknik Elektro Jetri, Volume 19, Nomor 2, Februari 2022193-208","Jetri : Jurnal Ilmiah Teknik Elektro Jetri, Volume 19, Nomor 2, Februari 2022193-208",Author Order : 2 of 4,"Jetri : Jurnal Ilmiah Teknik Elektro Jetri, Volume 19, Nomor 2, Februari 2022193-208",2022,DOI: 10.25105/jetri.v19i2.10831,Accred : Sinta 4,ISTIADI,161222,Universitas Widya Gama,S1 - Teknik Informatika
Klasifikasi Presiden Republik Indonesia Menggunakan SVM Kernel Polynomial Dengan Fitur Ektraksi Gabor,https://garuda.kemdikbud.go.id/documents/detail/3206524,Jurnal Teknologi Informasi dan Ilmu Komputer Vol 9 No 7: Spesial Issue Seminar Nasional Teknologi dan Rekayasa Informasi (SENTRIN) 20221583-1588,Jurnal Teknologi Informasi dan Ilmu Komputer Vol 9 No 7: Spesial Issue Seminar Nasional Teknologi dan Rekayasa Informasi (SENTRIN) 20221583-1588,Author Order : 2 of 4,Jurnal Teknologi Informasi dan Ilmu Komputer Vol 9 No 7: Spesial Issue Seminar Nasional Teknologi dan Rekayasa Informasi (SENTRIN) 20221583-1588,2022,DOI: 10.25126/jtiik.2022976748,Accred : Sinta 2,ISTIADI,161222,Universitas Widya Gama,S1 - Teknik Informatika
RANCANG BANGUN SISTEM PAKAR PENDIAGNOSA PENYAKIT TUBERKULOSIS (TBC) MENGGUNAKAN METODE DEMPSTER SHAFER,https://garuda.kemdikbud.go.id/documents/detail/3219771,Conference on Innovation and Application of Science and Technology (CIASTECH) CIASTECH 2022 Transisi Global dalam Mencapai SDGs 2030371-380,Conference on Innovation and Application of Science and Technology (CIASTECH) CIASTECH 2022 Transisi Global dalam Mencapai SDGs 2030371-380,Author Order : 2 of 4,Conference on Innovation and Application of Science and Technology (CIASTECH) CIASTECH 2022 Transisi Global dalam Mencapai SDGs 2030371-380,2022,DOI: -,Accred : Unknown,ISTIADI,161222,Universitas Widya Gama,S1 - Teknik Informatika
PERAMALAN PENJUALAN AQILA FROZEN FOOD MENGGUNAKAN METODE EXPONENTIAL SMOOTHING HOLT WINTER KATA,https://garuda.kemdikbud.go.id/documents/detail/3219775,Conference on Innovation and Application of Science and Technology (CIASTECH) CIASTECH 2022 Transisi Global dalam Mencapai SDGs 2030667-676,Conference on Innovation and Application of Science and Technology (CIASTECH) CIASTECH 2022 Transisi Global dalam Mencapai SDGs 2030667-676,Author Order : 2 of 4,Conference on Innovation and Application of Science and Technology (CIASTECH) CIASTECH 2022 Transisi Global dalam Mencapai SDGs 2030667-676,2022,DOI: -,Accred : Unknown,ISTIADI,161222,Universitas Widya Gama,S1 - Teknik Informatika
Classification of Tempeh Maturity Using Decision Tree and Three Texture Features,https://garuda.kemdikbud.go.id/documents/detail/3230881,"JOIV : International Journal on Informatics Visualization Vol 6, No 4 (2022)883-889","JOIV : International Journal on Informatics Visualization Vol 6, No 4 (2022)883-889",Author Order : 2 of 4,"JOIV : International Journal on Informatics Visualization Vol 6, No 4 (2022)883-889",2022,DOI: 10.30630/joiv.6.4.983,Accred : Sinta 1,ISTIADI,161222,Universitas Widya Gama,S1 - Teknik Informatika
DESAIN SISTEM PENENTUAN NILAI BONUS GAJI AKHIR TAHUN MENGGUNAKAN NAIVE BAYES DAN FUZZY MAMDANI,https://garuda.kemdikbud.go.id/documents/detail/3338746,"Prosidia Widya Saintek Vol 1, No 1 (2022)1-8","Prosidia Widya Saintek Vol 1, No 1 (2022)1-8",Author Order : 2 of 5,"Prosidia Widya Saintek Vol 1, No 1 (2022)1-8",2022,DOI: -,Accred : Unknown,ISTIADI,161222,Universitas Widya Gama,S1 - Teknik Informatika
KINERJA SELEKSI FITUR N-GRAM PADA ANALISIS SENTIMEN ULASAN MOBILE GAME DI GOOGLE PLAYSTORE,https://garuda.kemdikbud.go.id/documents/detail/3219874,Conference on Innovation and Application of Science and Technology (CIASTECH) CIASTECH 2022 Transisi Global dalam Mencapai SDGs 2030639-648,Conference on Innovation and Application of Science and Technology (CIASTECH) CIASTECH 2022 Transisi Global dalam Mencapai SDGs 2030639-648,Author Order : 2 of 5,Conference on Innovation and Application of Science and Technology (CIASTECH) CIASTECH 2022 Transisi Global dalam Mencapai SDGs 2030639-648,2022,DOI: -,Accred : Unknown,ISTIADI,161222,Universitas Widya Gama,S1 - Teknik Informatika
INTERNSHIP PROGRAM IN COMPANY:CULTURAL LEARNING PROCESS FOR STUDENTS,https://garuda.kemdikbud.go.id/documents/detail/3913405,"Journal of Indonesian Tourism and Policy Studies Vol. 7, No. 1","Journal of Indonesian Tourism and Policy Studies Vol. 7, No. 1",Author Order : 2 of 5,"Journal of Indonesian Tourism and Policy Studies Vol. 7, No. 1",2022,DOI: -,Accred : Unknown,ISTIADI,161222,Universitas Widya Gama,S1 - Teknik Informatika
ENERGY TRANSITION AND TOURISM PROSPECTS IN INDONESIA,https://garuda.kemdikbud.go.id/documents/detail/3913414,"Journal of Indonesian Tourism and Policy Studies Vol. 7, No. 2","Journal of Indonesian Tourism and Policy Studies Vol. 7, No. 2",Author Order : 2 of 5,"Journal of Indonesian Tourism and Policy Studies Vol. 7, No. 2",2022,DOI: -,Accred : Unknown,ISTIADI,161222,Universitas Widya Gama,S1 - Teknik Informatika
DIAGNOSIS OF INDUCTION MOTOR BEARING DEFECT USING DISCRETE WAVELET TRANSFORM AND ARTIFICIAL NEURAL NETWORK,https://garuda.kemdikbud.go.id/documents/detail/2178943,"SINERGI Vol 25, No 1 (2021)33-42","SINERGI Vol 25, No 1 (2021)33-42",Author Order : 2 of 5,"SINERGI Vol 25, No 1 (2021)33-42",2021,DOI: 10.22441/sinergi.2021.1.005,Accred : Unknown,ISTIADI,161222,Universitas Widya Gama,S1 - Teknik Informatika
DIAGNOSIS OF INDUCTION MOTOR BEARING DEFECT USING DISCRETE WAVELET TRANSFORM AND ARTIFICIAL NEURAL NETWORK,https://garuda.kemdikbud.go.id/documents/detail/2204404,"SINERGI Vol 25, No 1 (2021)33-42","SINERGI Vol 25, No 1 (2021)33-42",Author Order : 2 of 5,"SINERGI Vol 25, No 1 (2021)33-42",2021,DOI: 10.22441/sinergi.2021.1.005,Accred : Sinta 2,ISTIADI,161222,Universitas Widya Gama,S1 - Teknik Informatika
AQUASCAPE DENGAN KONTROL FOTOSINTESIS BUATAN PADA TANAMAN AIR MENGGUNAKAN METODE KENDALI LOGIKA FUZZY,https://garuda.kemdikbud.go.id/documents/detail/2233669,"Transmisi: Jurnal Ilmiah Teknik Elektro Vol 23, No 3 Juli (2021): TRANSMISI103-111","Transmisi: Jurnal Ilmiah Teknik Elektro Vol 23, No 3 Juli (2021): TRANSMISI103-111",Author Order : 2 of 5,"Transmisi: Jurnal Ilmiah Teknik Elektro Vol 23, No 3 Juli (2021): TRANSMISI103-111",2021,DOI: 10.14710/transmisi.23.3.103-111,Accred : Sinta 3,ISTIADI,161222,Universitas Widya Gama,S1 - Teknik Informatika
Prototype Data Logger Multimeter Digital Secara Wireless Berbasis Smartphone,https://garuda.kemdikbud.go.id/documents/detail/2276666,JASEE Journal of Application and Science on Electrical Engineering Vol. 2 No. 02 (2021): JASEE61-74,JASEE Journal of Application and Science on Electrical Engineering Vol. 2 No. 02 (2021): JASEE61-74,Author Order : 2 of 5,JASEE Journal of Application and Science on Electrical Engineering Vol. 2 No. 02 (2021): JASEE61-74,2021,DOI: 10.31328/jasee.v2i02.16,Accred : Sinta 5,ISTIADI,161222,Universitas Widya Gama,S1 - Teknik Informatika
Temu Kembali Kemiripan Motif Citra Tenun Menggunakan Transformasi Wavelet Diskrit Dan GLCM,https://garuda.kemdikbud.go.id/documents/detail/2290335,Jurnal RESTI (Rekayasa Sistem dan Teknologi Informasi) Vol 5 No 5 (2021): Oktober2021958 - 966,Jurnal RESTI (Rekayasa Sistem dan Teknologi Informasi) Vol 5 No 5 (2021): Oktober2021958 - 966,Author Order : 2 of 5,Jurnal RESTI (Rekayasa Sistem dan Teknologi Informasi) Vol 5 No 5 (2021): Oktober2021958 - 966,2021,DOI: 10.29207/resti.v5i5.3484,Accred : Sinta 2,ISTIADI,161222,Universitas Widya Gama,S1 - Teknik Informatika
Design of Portable Automatic Weather Station Based on Raspberry PI,https://garuda.kemdikbud.go.id/documents/detail/2304312,"JOURNAL OF SCIENCE AND APPLIED ENGINEERING Vol 4, No 1 (2021): JSAE33-43","JOURNAL OF SCIENCE AND APPLIED ENGINEERING Vol 4, No 1 (2021): JSAE33-43",Author Order : 2 of 5,"JOURNAL OF SCIENCE AND APPLIED ENGINEERING Vol 4, No 1 (2021): JSAE33-43",2021,DOI: 10.31328/jsae.v4i1.3048,Accred : Sinta 4,ISTIADI,161222,Universitas Widya Gama,S1 - Teknik Informatika
Sistem optimasi pendistribusian bahan makanan dan snack dengan algoritma Ant Colony Optimization (ACO),https://garuda.kemdikbud.go.id/documents/detail/2315596,AITI Vol 18 No 1 (2021)88-96,AITI Vol 18 No 1 (2021)88-96,Author Order : 2 of 3,AITI Vol 18 No 1 (2021)88-96,2021,DOI: 10.24246/aiti.v18i1.88-96,Accred : Sinta 3,ISTIADI,161222,Universitas Widya Gama,S1 - Teknik Informatika
STRATEGI IMPLEMENTASI MBKM DI PROGRAM STUDI TEKNIK ELEKTRO UNIVERSITAS WIDYAGAMA MALANG,https://garuda.kemdikbud.go.id/documents/detail/2459423,"Conference on Innovation and Application of Science and Technology (CIASTECH) CIASTECH 2021 ""Kesiapan Indonesia Dalam Menghadapi Krisis Energi Global""1061-1068","Conference on Innovation and Application of Science and Technology (CIASTECH) CIASTECH 2021 ""Kesiapan Indonesia Dalam Menghadapi Krisis Energi Global""1061-1068",Author Order : 2 of 3,"Conference on Innovation and Application of Science and Technology (CIASTECH) CIASTECH 2021 ""Kesiapan Indonesia Dalam Menghadapi Krisis Energi Global""1061-1068",2021,DOI: -,Accred : Unknown,ISTIADI,161222,Universitas Widya Gama,S1 - Teknik Informatika
DAMPAK MBKM TERHADAP MAHASISWA MAGANG DI PLN UPDL PANDAAN,https://garuda.kemdikbud.go.id/documents/detail/2459480,"Conference on Innovation and Application of Science and Technology (CIASTECH) CIASTECH 2021 ""Kesiapan Indonesia Dalam Menghadapi Krisis Energi Global""1005-1010","Conference on Innovation and Application of Science and Technology (CIASTECH) CIASTECH 2021 ""Kesiapan Indonesia Dalam Menghadapi Krisis Energi Global""1005-1010",Author Order : 2 of 3,"Conference on Innovation and Application of Science and Technology (CIASTECH) CIASTECH 2021 ""Kesiapan Indonesia Dalam Menghadapi Krisis Energi Global""1005-1010",2021,DOI: -,Accred : Unknown,ISTIADI,161222,Universitas Widya Gama,S1 - Teknik Informatika
DETEKSI DEPRESI DAN KECEMASAN PENGGUNA TWITTER MENGGUNAKAN BIDIRECTIONAL LSTM,https://garuda.kemdikbud.go.id/documents/detail/2459586,"Conference on Innovation and Application of Science and Technology (CIASTECH) CIASTECH 2021 ""Kesiapan Indonesia Dalam Menghadapi Krisis Energi Global""287-296","Conference on Innovation and Application of Science and Technology (CIASTECH) CIASTECH 2021 ""Kesiapan Indonesia Dalam Menghadapi Krisis Energi Global""287-296",Author Order : 2 of 3,"Conference on Innovation and Application of Science and Technology (CIASTECH) CIASTECH 2021 ""Kesiapan Indonesia Dalam Menghadapi Krisis Energi Global""287-296",2021,DOI: -,Accred : Unknown,ISTIADI,161222,Universitas Widya Gama,S1 - Teknik Informatika
Klasifikasi Kualitas Biji Kopi Menggunakan MultilayerPerceptron Berbasis Fitur Warna LCH,https://garuda.kemdikbud.go.id/documents/detail/2562312,Jurnal RESTI (Rekayasa Sistem dan Teknologi Informasi) Vol 5 No 6 (2021): Desember 20211008 - 1017,Jurnal RESTI (Rekayasa Sistem dan Teknologi Informasi) Vol 5 No 6 (2021): Desember 20211008 - 1017,Author Order : 2 of 3,Jurnal RESTI (Rekayasa Sistem dan Teknologi Informasi) Vol 5 No 6 (2021): Desember 20211008 - 1017,2021,DOI: 10.29207/resti.v5i6.3438,Accred : Sinta 2,ISTIADI,161222,Universitas Widya Gama,S1 - Teknik Informatika
Perbandingan Metode CBR dan Dempster-Shafer pada Sistem Pakar Terintegrasi Layanan Kesehatan,https://garuda.kemdikbud.go.id/documents/detail/2562334,Jurnal RESTI (Rekayasa Sistem dan Teknologi Informasi) Vol 5 No 6 (2021): Desember 20211143 - 1152,Jurnal RESTI (Rekayasa Sistem dan Teknologi Informasi) Vol 5 No 6 (2021): Desember 20211143 - 1152,Author Order : 2 of 3,Jurnal RESTI (Rekayasa Sistem dan Teknologi Informasi) Vol 5 No 6 (2021): Desember 20211143 - 1152,2021,DOI: 10.29207/resti.v5i6.3612,Accred : Sinta 2,ISTIADI,161222,Universitas Widya Gama,S1 - Teknik Informatika
Museum Angkut Virtual Tour Dengan Optimasi Penelusuran Menggunakan Algoritma A-Star,https://garuda.kemdikbud.go.id/documents/detail/2596995,"J I M P - Jurnal Informatika Merdeka Pasuruan Vol 6, No 2 (2021): AGUSTUS","J I M P - Jurnal Informatika Merdeka Pasuruan Vol 6, No 2 (2021): AGUSTUS",Author Order : 2 of 3,"J I M P - Jurnal Informatika Merdeka Pasuruan Vol 6, No 2 (2021): AGUSTUS",2021,DOI: 10.37438/jimp.v6i2.286,Accred : Sinta 4,ISTIADI,161222,Universitas Widya Gama,S1 - Teknik Informatika
EVALUASI KEEFEKTIFAN PROGRAM PERTUKARAN PELAJAR ANTARA PROGRAM STUDI TEKNIK INDUSTRI UNIVERSITAS WIDYAGAMA MALANG DENGAN PERGURUAN TINGGI DALAM DAN LUAR NEGERI,https://garuda.kemdikbud.go.id/documents/detail/2609597,"Conference on Innovation and Application of Science and Technology (CIASTECH) CIASTECH 2021 ""Kesiapan Indonesia Dalam Menghadapi Krisis Energi Global""997-1004","Conference on Innovation and Application of Science and Technology (CIASTECH) CIASTECH 2021 ""Kesiapan Indonesia Dalam Menghadapi Krisis Energi Global""997-1004",Author Order : 2 of 3,"Conference on Innovation and Application of Science and Technology (CIASTECH) CIASTECH 2021 ""Kesiapan Indonesia Dalam Menghadapi Krisis Energi Global""997-1004",2021,DOI: -,Accred : Unknown,ISTIADI,161222,Universitas Widya Gama,S1 - Teknik Informatika
EVALUASI KEPUASAN PESERTA PELATIHAN MANAJEMEN DAN ALAT PRODUKSI PADA HOME INDUSTRY KRIPIK TEMPE MALANG,https://garuda.kemdikbud.go.id/documents/detail/2609613,"Conference on Innovation and Application of Science and Technology (CIASTECH) CIASTECH 2021 ""Kesiapan Indonesia Dalam Menghadapi Krisis Energi Global""753-758","Conference on Innovation and Application of Science and Technology (CIASTECH) CIASTECH 2021 ""Kesiapan Indonesia Dalam Menghadapi Krisis Energi Global""753-758",Author Order : 2 of 3,"Conference on Innovation and Application of Science and Technology (CIASTECH) CIASTECH 2021 ""Kesiapan Indonesia Dalam Menghadapi Krisis Energi Global""753-758",2021,DOI: -,Accred : Unknown,ISTIADI,161222,Universitas Widya Gama,S1 - Teknik Informatika
Sistem Pendukung Keputusan Pemilihan Cat Menggunakan Simple Additive Weighting Dan Weighted Product,https://garuda.kemdikbud.go.id/documents/detail/2192372,"JOINTECS (Journal of Information Technology and Computer Science) Vol 6, No 1 (2021)1-12","JOINTECS (Journal of Information Technology and Computer Science) Vol 6, No 1 (2021)1-12",Author Order : 2 of 3,"JOINTECS (Journal of Information Technology and Computer Science) Vol 6, No 1 (2021)1-12",2021,DOI: 10.31328/jointecs.v6i1.1314,Accred : Sinta 4,ISTIADI,161222,Universitas Widya Gama,S1 - Teknik Informatika
Metode AHP Dan SAW Dalam Penentuan Penutupan Ruas Jalan Sebagai Upaya Pencegahan Penyebaran Covid-19,https://garuda.kemdikbud.go.id/documents/detail/2400321,"Jurnal Ilmiah FIFO Vol 13, No 2 (2021)117-132","Jurnal Ilmiah FIFO Vol 13, No 2 (2021)117-132",Author Order : 2 of 3,"Jurnal Ilmiah FIFO Vol 13, No 2 (2021)117-132",2021,DOI: 10.22441/fifo.2021.v13i2.002,Accred : Sinta 4,ISTIADI,161222,Universitas Widya Gama,S1 - Teknik Informatika
SISTEM PEMANTAUAN DAN PENGENDALIAN RUMAH JAMUR DENGAN METODE FUZZY SECARA WIRELESS,https://garuda.kemdikbud.go.id/documents/detail/1589412,"Simetris: Jurnal Teknik Mesin, Elektro dan Ilmu Komputer Vol 11, No 1 (2020): JURNAL SIMETRIS VOLUME 11 NO 1 TAHUN 2020223-232","Simetris: Jurnal Teknik Mesin, Elektro dan Ilmu Komputer Vol 11, No 1 (2020): JURNAL SIMETRIS VOLUME 11 NO 1 TAHUN 2020223-232",Author Order : 2 of 3,"Simetris: Jurnal Teknik Mesin, Elektro dan Ilmu Komputer Vol 11, No 1 (2020): JURNAL SIMETRIS VOLUME 11 NO 1 TAHUN 2020223-232",2020,DOI: 10.24176/simet.v11i1.3975,Accred : Sinta 3,ISTIADI,161222,Universitas Widya Gama,S1 - Teknik Informatika
Sistem Pakar Penyakit Menular Menggunakan Dempster Shafer Dengan Rekomendasi Tempat Layanan Kesehatan,https://garuda.kemdikbud.go.id/documents/detail/1474694,Jurnal RESTI (Rekayasa Sistem dan Teknologi Informasi) Vol 4 No 1 (2020): Februari 202017 - 27,Jurnal RESTI (Rekayasa Sistem dan Teknologi Informasi) Vol 4 No 1 (2020): Februari 202017 - 27,Author Order : 2 of 3,Jurnal RESTI (Rekayasa Sistem dan Teknologi Informasi) Vol 4 No 1 (2020): Februari 202017 - 27,2020,DOI: 10.29207/resti.v4i1.1332,Accred : Sinta 2,ISTIADI,161222,Universitas Widya Gama,S1 - Teknik Informatika
Donor Collectors Route Optimisation using Genetic Algorithm Method,https://garuda.kemdikbud.go.id/documents/detail/1502581,"International Journal of Electrical, Energy and Power System Engineering Vol. 3 No. 1 (2020): International Journal of Electrical, Energy and Power System Engineering (IJEEP1-5","International Journal of Electrical, Energy and Power System Engineering Vol. 3 No. 1 (2020): International Journal of Electrical, Energy and Power System Engineering (IJEEP1-5",Author Order : 2 of 3,"International Journal of Electrical, Energy and Power System Engineering Vol. 3 No. 1 (2020): International Journal of Electrical, Energy and Power System Engineering (IJEEP1-5",2020,DOI: 10.31258/ijeepse.3.1.1-5,Accred : Sinta 4,ISTIADI,161222,Universitas Widya Gama,S1 - Teknik Informatika
Deteksi Jumlah dan Pengenalan Wajah Manusia Menggunakan Metode Histogram Of Oriented Gradient dan Viola Jones,https://garuda.kemdikbud.go.id/documents/detail/1458464,"Techno.Com Vol 19, No 1 (2020): Februari 202012-23","Techno.Com Vol 19, No 1 (2020): Februari 202012-23",Author Order : 2 of 3,"Techno.Com Vol 19, No 1 (2020): Februari 202012-23",2020,DOI: 10.33633/tc.v19i1.2626,Accred : Sinta 3,ISTIADI,161222,Universitas Widya Gama,S1 - Teknik Informatika
Optimasi naive Bayes classifier untuk klasifikasi teks pada e-government menggunakan particle swarm optimization,https://garuda.kemdikbud.go.id/documents/detail/1206438,"Jurnal Teknologi dan Sistem Komputer Volume 8, Issue 1, Year 2020 (January 2020)21-26","Jurnal Teknologi dan Sistem Komputer Volume 8, Issue 1, Year 2020 (January 2020)21-26",Author Order : 2 of 3,"Jurnal Teknologi dan Sistem Komputer Volume 8, Issue 1, Year 2020 (January 2020)21-26",2020,DOI: 10.14710/jtsiskom.8.1.2020.21-26,Accred : Sinta 2,ISTIADI,161222,Universitas Widya Gama,S1 - Teknik Informatika
Sistem Pakar Penyakit Menular Menggunakan Dempster Shafer Dengan Rekomendasi Tempat Layanan Kesehatan,https://garuda.kemdikbud.go.id/documents/detail/1979921,Jurnal RESTI (Rekayasa Sistem dan Teknologi Informasi) Vol 4 No 1 (2020): Februari 202017 - 27,Jurnal RESTI (Rekayasa Sistem dan Teknologi Informasi) Vol 4 No 1 (2020): Februari 202017 - 27,Author Order : 2 of 3,Jurnal RESTI (Rekayasa Sistem dan Teknologi Informasi) Vol 4 No 1 (2020): Februari 202017 - 27,2020,DOI: 10.29207/resti.v4i1.1332,Accred : Sinta 2,ISTIADI,161222,Universitas Widya Gama,S1 - Teknik Informatika
Pengurangan Noise Pada RTL-SDR Menggunakan Least Mean Square Dan Recursive Least Square,https://garuda.kemdikbud.go.id/documents/detail/1979959,Jurnal RESTI (Rekayasa Sistem dan Teknologi Informasi) Vol 4 No 2 (2020): April 2020286 - 295,Jurnal RESTI (Rekayasa Sistem dan Teknologi Informasi) Vol 4 No 2 (2020): April 2020286 - 295,Author Order : 2 of 3,Jurnal RESTI (Rekayasa Sistem dan Teknologi Informasi) Vol 4 No 2 (2020): April 2020286 - 295,2020,DOI: 10.29207/resti.v4i2.1667,Accred : Sinta 2,ISTIADI,161222,Universitas Widya Gama,S1 - Teknik Informatika
Case Service System at the Child Welfare Institution using the Case-Based Reasoning Method,https://garuda.kemdikbud.go.id/documents/detail/1744692,"International Journal of Electrical, Energy and Power System Engineering Vol. 3 No. 2 (2020): International Journal of Electrical, Energy and Power System Engineering (IJEEP40-45","International Journal of Electrical, Energy and Power System Engineering Vol. 3 No. 2 (2020): International Journal of Electrical, Energy and Power System Engineering (IJEEP40-45",Author Order : 2 of 3,"International Journal of Electrical, Energy and Power System Engineering Vol. 3 No. 2 (2020): International Journal of Electrical, Energy and Power System Engineering (IJEEP40-45",2020,DOI: 10.31258/ijeepse.3.2.40-45,Accred : Sinta 4,ISTIADI,161222,Universitas Widya Gama,S1 - Teknik Informatika
ANALISIS SENTIMEN APLIKASI GO-JEK MENGGUNAKAN METODE SVM DAN NBC (STUDI KASUS: KOMENTAR PADA PLAY STORE),https://garuda.kemdikbud.go.id/documents/detail/2045912,"Conference on Innovation and Application of Science and Technology (CIASTECH) CIASTECH 2020 ""Peranan Strategis Teknologi Dalam Kehidupan di Era New Normal""489-498","Conference on Innovation and Application of Science and Technology (CIASTECH) CIASTECH 2020 ""Peranan Strategis Teknologi Dalam Kehidupan di Era New Normal""489-498",Author Order : 2 of 3,"Conference on Innovation and Application of Science and Technology (CIASTECH) CIASTECH 2020 ""Peranan Strategis Teknologi Dalam Kehidupan di Era New Normal""489-498",2020,DOI: -,Accred : Unknown,ISTIADI,161222,Universitas Widya Gama,S1 - Teknik Informatika
SISTEM PAKAR DIAGNOSIS PENYAKIT PADA PEROKOK AKTIF MENGGUNAKAN METODE FORWARD CHAINING BERBASIS WEB,https://garuda.kemdikbud.go.id/documents/detail/2045932,"Conference on Innovation and Application of Science and Technology (CIASTECH) CIASTECH 2020 ""Peranan Strategis Teknologi Dalam Kehidupan di Era New Normal""543-550","Conference on Innovation and Application of Science and Technology (CIASTECH) CIASTECH 2020 ""Peranan Strategis Teknologi Dalam Kehidupan di Era New Normal""543-550",Author Order : 2 of 3,"Conference on Innovation and Application of Science and Technology (CIASTECH) CIASTECH 2020 ""Peranan Strategis Teknologi Dalam Kehidupan di Era New Normal""543-550",2020,DOI: -,Accred : Unknown,ISTIADI,161222,Universitas Widya Gama,S1 - Teknik Informatika
SISTEM PAKAR MENDETEKSI GANGGUAN GIZI PADA ANAK BALITA MENGGUNAKAN METODE CERTAINTY FACTOR BERBASIS WEB,https://garuda.kemdikbud.go.id/documents/detail/2045961,"Conference on Innovation and Application of Science and Technology (CIASTECH) CIASTECH 2020 ""Peranan Strategis Teknologi Dalam Kehidupan di Era New Normal""551-560","Conference on Innovation and Application of Science and Technology (CIASTECH) CIASTECH 2020 ""Peranan Strategis Teknologi Dalam Kehidupan di Era New Normal""551-560",Author Order : 2 of 3,"Conference on Innovation and Application of Science and Technology (CIASTECH) CIASTECH 2020 ""Peranan Strategis Teknologi Dalam Kehidupan di Era New Normal""551-560",2020,DOI: -,Accred : Unknown,ISTIADI,161222,Universitas Widya Gama,S1 - Teknik Informatika
PENGEMBANGAN DAN PELATIHAN MODUL PEMBELAJARAN INTERNET OF THINGS (IOT) PADA SMK WIDYAGAMA MALANG,https://garuda.kemdikbud.go.id/documents/detail/2459595,"Conference on Innovation and Application of Science and Technology (CIASTECH) CIASTECH 2020 ""Peranan Strategis Teknologi Dalam Kehidupan di Era New Normal""1107-1112","Conference on Innovation and Application of Science and Technology (CIASTECH) CIASTECH 2020 ""Peranan Strategis Teknologi Dalam Kehidupan di Era New Normal""1107-1112",Author Order : 2 of 3,"Conference on Innovation and Application of Science and Technology (CIASTECH) CIASTECH 2020 ""Peranan Strategis Teknologi Dalam Kehidupan di Era New Normal""1107-1112",2020,DOI: -,Accred : Unknown,ISTIADI,161222,Universitas Widya Gama,S1 - Teknik Informatika
OPTIMISASI PARAMETER SUPPORT VECTOR MACHINE BERBASIS ALGORITMA GENETIKA PADA KLASIFIKASI TEKS PENGADUAN MASYARAKAT,https://garuda.kemdikbud.go.id/documents/detail/2459626,"Conference on Innovation and Application of Science and Technology (CIASTECH) CIASTECH 2020 ""Peranan Strategis Teknologi Dalam Kehidupan di Era New Normal""481-488","Conference on Innovation and Application of Science and Technology (CIASTECH) CIASTECH 2020 ""Peranan Strategis Teknologi Dalam Kehidupan di Era New Normal""481-488",Author Order : 2 of 3,"Conference on Innovation and Application of Science and Technology (CIASTECH) CIASTECH 2020 ""Peranan Strategis Teknologi Dalam Kehidupan di Era New Normal""481-488",2020,DOI: -,Accred : Unknown,ISTIADI,161222,Universitas Widya Gama,S1 - Teknik Informatika
IDENTIFIKASI JENIS BURUNG LOVEBIRD MENGGUNAKAN FITUR HISTOGRAM DENGAN EVALUASI SSE,https://garuda.kemdikbud.go.id/documents/detail/2459628,"Conference on Innovation and Application of Science and Technology (CIASTECH) CIASTECH 2020 ""Peranan Strategis Teknologi Dalam Kehidupan di Era New Normal""611-618","Conference on Innovation and Application of Science and Technology (CIASTECH) CIASTECH 2020 ""Peranan Strategis Teknologi Dalam Kehidupan di Era New Normal""611-618",Author Order : 2 of 3,"Conference on Innovation and Application of Science and Technology (CIASTECH) CIASTECH 2020 ""Peranan Strategis Teknologi Dalam Kehidupan di Era New Normal""611-618",2020,DOI: -,Accred : Unknown,ISTIADI,161222,Universitas Widya Gama,S1 - Teknik Informatika
SISTEM PAKAR ANALISA KEPRIBADIAN DAN MINAT DIRI DALAM MENENTUKAN JURUSAN MENGGUNAKAN METODE DEMSPER SHAFER BERBASIS WEB (STUDI KASUS DI SMKN 5 MALANG),https://garuda.kemdikbud.go.id/documents/detail/2045977,"Conference on Innovation and Application of Science and Technology (CIASTECH) CIASTECH 2020 ""Peranan Strategis Teknologi Dalam Kehidupan di Era New Normal""533-542","Conference on Innovation and Application of Science and Technology (CIASTECH) CIASTECH 2020 ""Peranan Strategis Teknologi Dalam Kehidupan di Era New Normal""533-542",Author Order : 2 of 3,"Conference on Innovation and Application of Science and Technology (CIASTECH) CIASTECH 2020 ""Peranan Strategis Teknologi Dalam Kehidupan di Era New Normal""533-542",2020,DOI: -,Accred : Unknown,ISTIADI,161222,Universitas Widya Gama,S1 - Teknik Informatika
Rancang Bangun Detektor Standart Preform Botol Minuman Menggunakan Metode Jaringan Saraf Tiruan (Design Of Standart Detector Standart Drink Bottle Using Artificial Neural Network Method),https://garuda.kemdikbud.go.id/documents/detail/1220143,"JEEE-U (Journal of Electrical and Electronic Engineering-UMSIDA) Vol 3, No 2 (2019): October279-304","JEEE-U (Journal of Electrical and Electronic Engineering-UMSIDA) Vol 3, No 2 (2019): October279-304",Author Order : 2 of 3,"JEEE-U (Journal of Electrical and Electronic Engineering-UMSIDA) Vol 3, No 2 (2019): October279-304",2019,DOI: 10.21070/jeee-u.v3i2.2515,Accred : Sinta 4,ISTIADI,161222,Universitas Widya Gama,S1 - Teknik Informatika
RANCANG BANGUN SISTEM PEMBERIAN MAKANAN DAN MONITORING KONDISI KESEHATAN PADA HEWAN BERBASIS APLIKASI ANDROID,https://garuda.kemdikbud.go.id/documents/detail/1252097,"Conference on Innovation and Application of Science and Technology (CIASTECH) CIASTECH 2019 ""Inovasi Cerdas dan Teknologi Hijau untuk Industri 4.0""RTR 293-300","Conference on Innovation and Application of Science and Technology (CIASTECH) CIASTECH 2019 ""Inovasi Cerdas dan Teknologi Hijau untuk Industri 4.0""RTR 293-300",Author Order : 2 of 3,"Conference on Innovation and Application of Science and Technology (CIASTECH) CIASTECH 2019 ""Inovasi Cerdas dan Teknologi Hijau untuk Industri 4.0""RTR 293-300",2019,DOI: -,Accred : Unknown,ISTIADI,161222,Universitas Widya Gama,S1 - Teknik Informatika
SISTEM LAYANAN DESAIN PAKAIAN BERBASIS ANDROID,https://garuda.kemdikbud.go.id/documents/detail/1252102,"Conference on Innovation and Application of Science and Technology (CIASTECH) CIASTECH 2019 ""Inovasi Cerdas dan Teknologi Hijau untuk Industri 4.0""RTR 403-412","Conference on Innovation and Application of Science and Technology (CIASTECH) CIASTECH 2019 ""Inovasi Cerdas dan Teknologi Hijau untuk Industri 4.0""RTR 403-412",Author Order : 2 of 3,"Conference on Innovation and Application of Science and Technology (CIASTECH) CIASTECH 2019 ""Inovasi Cerdas dan Teknologi Hijau untuk Industri 4.0""RTR 403-412",2019,DOI: -,Accred : Unknown,ISTIADI,161222,Universitas Widya Gama,S1 - Teknik Informatika
"SISTEM PENGENDALI TRAFFIC, BEBAN, DAN PERINGATAN DINI PADA JEMBATAN DENGAN PEMANTAU BERBASIS ANDROID",https://garuda.kemdikbud.go.id/documents/detail/1252131,"Conference on Innovation and Application of Science and Technology (CIASTECH) CIASTECH 2019 ""Inovasi Cerdas dan Teknologi Hijau untuk Industri 4.0""RTR 259-268","Conference on Innovation and Application of Science and Technology (CIASTECH) CIASTECH 2019 ""Inovasi Cerdas dan Teknologi Hijau untuk Industri 4.0""RTR 259-268",Author Order : 2 of 3,"Conference on Innovation and Application of Science and Technology (CIASTECH) CIASTECH 2019 ""Inovasi Cerdas dan Teknologi Hijau untuk Industri 4.0""RTR 259-268",2019,DOI: -,Accred : Unknown,ISTIADI,161222,Universitas Widya Gama,S1 - Teknik Informatika
SISTEM PENUNJANG KEPUTUSAN PEMILIHAN PENGURUS BEM MENGGUNAKAN METODE FMADM (FUZZY MULTIPLE ADDITIVE DECISION WEIGTH) DENGAN METODE SAW (SIMPLE ADDITVE WEIGTH),https://garuda.kemdikbud.go.id/documents/detail/1630656,"Conference on Innovation and Application of Science and Technology (CIASTECH) CIASTECH 2019 ""Inovasi Cerdas dan Teknologi Hijau untuk Industri 4.0""RTR 389-394","Conference on Innovation and Application of Science and Technology (CIASTECH) CIASTECH 2019 ""Inovasi Cerdas dan Teknologi Hijau untuk Industri 4.0""RTR 389-394",Author Order : 2 of 3,"Conference on Innovation and Application of Science and Technology (CIASTECH) CIASTECH 2019 ""Inovasi Cerdas dan Teknologi Hijau untuk Industri 4.0""RTR 389-394",2019,DOI: -,Accred : Unknown,ISTIADI,161222,Universitas Widya Gama,S1 - Teknik Informatika
SISTEM PENDUKUNG KEPUTUSAN SELEKSI KARYAWAN BARU PADA PT. MMS DENGAN METODE FUZZY TSUKAMOTO,https://garuda.kemdikbud.go.id/documents/detail/1630659,"Conference on Innovation and Application of Science and Technology (CIASTECH) CIASTECH 2019 ""Inovasi Cerdas dan Teknologi Hijau untuk Industri 4.0""RTR 245-252","Conference on Innovation and Application of Science and Technology (CIASTECH) CIASTECH 2019 ""Inovasi Cerdas dan Teknologi Hijau untuk Industri 4.0""RTR 245-252",Author Order : 2 of 3,"Conference on Innovation and Application of Science and Technology (CIASTECH) CIASTECH 2019 ""Inovasi Cerdas dan Teknologi Hijau untuk Industri 4.0""RTR 245-252",2019,DOI: -,Accred : Unknown,ISTIADI,161222,Universitas Widya Gama,S1 - Teknik Informatika
IMPLEMENTASI DAN KOMPARASI ALGORITMA FUZZY C-MEANS DAN K-MEANS UNTUK MENGELOMPOKKAN SISWA BERDASARKAN NILAI AKADEMIK DAN PERILAKU SISWA (DATA SURVEY),https://garuda.kemdikbud.go.id/documents/detail/1630668,"Conference on Innovation and Application of Science and Technology (CIASTECH) CIASTECH 2019 ""Inovasi Cerdas dan Teknologi Hijau untuk Industri 4.0""RTR 287-292","Conference on Innovation and Application of Science and Technology (CIASTECH) CIASTECH 2019 ""Inovasi Cerdas dan Teknologi Hijau untuk Industri 4.0""RTR 287-292",Author Order : 2 of 3,"Conference on Innovation and Application of Science and Technology (CIASTECH) CIASTECH 2019 ""Inovasi Cerdas dan Teknologi Hijau untuk Industri 4.0""RTR 287-292",2019,DOI: -,Accred : Unknown,ISTIADI,161222,Universitas Widya Gama,S1 - Teknik Informatika
OPTIMASI RUTE PENJEMPUTAN PENUMPANG TRAVEL MENGGUNAKAN ALGORITMA GENETIKA BERDASARKAN TINGKAT KEMACETAN LALU LINTAS,https://garuda.kemdikbud.go.id/documents/detail/1630669,"Conference on Innovation and Application of Science and Technology (CIASTECH) CIASTECH 2019 ""Inovasi Cerdas dan Teknologi Hijau untuk Industri 4.0""RTR 395-402","Conference on Innovation and Application of Science and Technology (CIASTECH) CIASTECH 2019 ""Inovasi Cerdas dan Teknologi Hijau untuk Industri 4.0""RTR 395-402",Author Order : 2 of 3,"Conference on Innovation and Application of Science and Technology (CIASTECH) CIASTECH 2019 ""Inovasi Cerdas dan Teknologi Hijau untuk Industri 4.0""RTR 395-402",2019,DOI: -,Accred : Unknown,ISTIADI,161222,Universitas Widya Gama,S1 - Teknik Informatika
SISTEM PENDUKUNG KEPUTUSAN PENENTUAN DAERAH PENJUALAN PRODUK MAMYPOKO MENGGUNAKAN FUZZY C-MEANS DI MALANG,https://garuda.kemdikbud.go.id/documents/detail/1630671,"Conference on Innovation and Application of Science and Technology (CIASTECH) CIASTECH 2019 ""Inovasi Cerdas dan Teknologi Hijau untuk Industri 4.0""RTR 311-320","Conference on Innovation and Application of Science and Technology (CIASTECH) CIASTECH 2019 ""Inovasi Cerdas dan Teknologi Hijau untuk Industri 4.0""RTR 311-320",Author Order : 2 of 3,"Conference on Innovation and Application of Science and Technology (CIASTECH) CIASTECH 2019 ""Inovasi Cerdas dan Teknologi Hijau untuk Industri 4.0""RTR 311-320",2019,DOI: -,Accred : Unknown,ISTIADI,161222,Universitas Widya Gama,S1 - Teknik Informatika
Rancang Bangun Detektor Standart Preform Botol Minuman Menggunakan Metode Jaringan Saraf Tiruan,https://garuda.kemdikbud.go.id/documents/detail/2296893,JEEE-U (Journal of Electrical and Electronic Engineering-UMSIDA) Vol 3 No 2 (2019): October279-304,JEEE-U (Journal of Electrical and Electronic Engineering-UMSIDA) Vol 3 No 2 (2019): October279-304,Author Order : 2 of 3,JEEE-U (Journal of Electrical and Electronic Engineering-UMSIDA) Vol 3 No 2 (2019): October279-304,2019,DOI: 10.21070/jeee-u.v3i2.2515,Accred : Sinta 4,ISTIADI,161222,Universitas Widya Gama,S1 - Teknik Informatika
Pembuatan Infus Elektronik Rumah Sakit,https://garuda.kemdikbud.go.id/documents/detail/1660152,"JURNAL APLIKASI DAN INOVASI IPTEKS ""SOLIDITAS"" (J-SOLID) Vol 2, No 1 (2019): Jurnal Aplikasi Dan Inovasi Ipteks SOLIDITAS25-34","JURNAL APLIKASI DAN INOVASI IPTEKS ""SOLIDITAS"" (J-SOLID) Vol 2, No 1 (2019): Jurnal Aplikasi Dan Inovasi Ipteks SOLIDITAS25-34",Author Order : 2 of 3,"JURNAL APLIKASI DAN INOVASI IPTEKS ""SOLIDITAS"" (J-SOLID) Vol 2, No 1 (2019): Jurnal Aplikasi Dan Inovasi Ipteks SOLIDITAS25-34",2019,DOI: 10.31328/js.v2i1.1285,Accred : Sinta 5,ISTIADI,161222,Universitas Widya Gama,S1 - Teknik Informatika
PERANCANGAN SISTEM IRIGASI OTOMATIS DENGAN WIRELESS SENSOR NETWORK (WSN) BERBASIS ENERGI SURYA,https://garuda.kemdikbud.go.id/documents/detail/1589216,"Simetris: Jurnal Teknik Mesin, Elektro dan Ilmu Komputer Vol 9, No 2 (2018): JURNAL SIMETRIS VOLUME 9 NO 2 TAHUN 2018825-832","Simetris: Jurnal Teknik Mesin, Elektro dan Ilmu Komputer Vol 9, No 2 (2018): JURNAL SIMETRIS VOLUME 9 NO 2 TAHUN 2018825-832",Author Order : 2 of 3,"Simetris: Jurnal Teknik Mesin, Elektro dan Ilmu Komputer Vol 9, No 2 (2018): JURNAL SIMETRIS VOLUME 9 NO 2 TAHUN 2018825-832",2018,DOI: 10.24176/simet.v9i2.2407,Accred : Sinta 3,ISTIADI,161222,Universitas Widya Gama,S1 - Teknik Informatika
APLIKASI PEMANTAU SUHU MESIN PENETAS TELUR BERBASIS IOT ANDROID,https://garuda.kemdikbud.go.id/documents/detail/810433,"Conference on Innovation and Application of Science and Technology (CIASTECH) CIASTECH 2018 ""Inovasi IPTEKS untuk mendukung Pembangunan Berkelanjutan""(RT)686-692","Conference on Innovation and Application of Science and Technology (CIASTECH) CIASTECH 2018 ""Inovasi IPTEKS untuk mendukung Pembangunan Berkelanjutan""(RT)686-692",Author Order : 2 of 3,"Conference on Innovation and Application of Science and Technology (CIASTECH) CIASTECH 2018 ""Inovasi IPTEKS untuk mendukung Pembangunan Berkelanjutan""(RT)686-692",2018,DOI: -,Accred : Unknown,ISTIADI,161222,Universitas Widya Gama,S1 - Teknik Informatika
PERANCANGAN SISTEM MONITORING SUHU GUDANG BERBASIS INTERNET OF THINGS (IOT),https://garuda.kemdikbud.go.id/documents/detail/810440,"Conference on Innovation and Application of Science and Technology (CIASTECH) CIASTECH 2018 ""Inovasi IPTEKS untuk mendukung Pembangunan Berkelanjutan""(RT)503-511","Conference on Innovation and Application of Science and Technology (CIASTECH) CIASTECH 2018 ""Inovasi IPTEKS untuk mendukung Pembangunan Berkelanjutan""(RT)503-511",Author Order : 2 of 3,"Conference on Innovation and Application of Science and Technology (CIASTECH) CIASTECH 2018 ""Inovasi IPTEKS untuk mendukung Pembangunan Berkelanjutan""(RT)503-511",2018,DOI: -,Accred : Unknown,ISTIADI,161222,Universitas Widya Gama,S1 - Teknik Informatika
PERANCANGAN SISTEM DETEKSI BANJIR BERBASIS IoT,https://garuda.kemdikbud.go.id/documents/detail/810489,"Conference on Innovation and Application of Science and Technology (CIASTECH) CIASTECH 2018 ""Inovasi IPTEKS untuk mendukung Pembangunan Berkelanjutan""(RT)660-667","Conference on Innovation and Application of Science and Technology (CIASTECH) CIASTECH 2018 ""Inovasi IPTEKS untuk mendukung Pembangunan Berkelanjutan""(RT)660-667",Author Order : 5 of 5,"Conference on Innovation and Application of Science and Technology (CIASTECH) CIASTECH 2018 ""Inovasi IPTEKS untuk mendukung Pembangunan Berkelanjutan""(RT)660-667",2018,DOI: -,Accred : Unknown,ISTIADI,161222,Universitas Widya Gama,S1 - Teknik Informatika
PENERAPAN TEKNOLOGI PENGENDALI FERMENTASI TEMPE BAGI USAHA KRUDEL LARISO KELURAHAN PURWANTORO KOTA MALANG,https://garuda.kemdikbud.go.id/documents/detail/810508,"Conference on Innovation and Application of Science and Technology (CIASTECH) CIASTECH 2018 ""Inovasi IPTEKS untuk mendukung Pembangunan Berkelanjutan""(PE)353-361","Conference on Innovation and Application of Science and Technology (CIASTECH) CIASTECH 2018 ""Inovasi IPTEKS untuk mendukung Pembangunan Berkelanjutan""(PE)353-361",Author Order : 5 of 5,"Conference on Innovation and Application of Science and Technology (CIASTECH) CIASTECH 2018 ""Inovasi IPTEKS untuk mendukung Pembangunan Berkelanjutan""(PE)353-361",2018,DOI: -,Accred : Unknown,ISTIADI,161222,Universitas Widya Gama,S1 - Teknik Informatika
PERANCANGAN SISTEM IRIGASI OTOMATIS DENGAN WIRELESS SENSOR NETWORK (WSN) BERBASIS ENERGI SURYA,https://garuda.kemdikbud.go.id/documents/detail/830127,"Simetris: Jurnal Teknik Mesin, Elektro dan Ilmu Komputer Vol 9, No 2 (2018): JURNAL SIMETRIS VOLUME 9 NO 2 TAHUN 2018 825-832","Simetris: Jurnal Teknik Mesin, Elektro dan Ilmu Komputer Vol 9, No 2 (2018): JURNAL SIMETRIS VOLUME 9 NO 2 TAHUN 2018 825-832",Author Order : 5 of 5,"Simetris: Jurnal Teknik Mesin, Elektro dan Ilmu Komputer Vol 9, No 2 (2018): JURNAL SIMETRIS VOLUME 9 NO 2 TAHUN 2018 825-832",2018,DOI: 10.24176/simet.v9i2.2407,Accred : Sinta 3,ISTIADI,161222,Universitas Widya Gama,S1 - Teknik Informatika
ANALISIS PERSEPSI KUALITAS PERKULIAHAN DI LABORATORIUM PERKANTORAN DAN SEKRETARI PROGRAM PENDIDIKAN VOKASI UNIVERSITAS INDONESIA,https://garuda.kemdikbud.go.id/documents/detail/816328,"Jurnal Vokasi Indonesia Vol 4, No 1 (2016): January - June","Jurnal Vokasi Indonesia Vol 4, No 1 (2016): January - June",Author Order : 5 of 5,"Jurnal Vokasi Indonesia Vol 4, No 1 (2016): January - June",2016,DOI: 10.7454/jvi.v4i1.52,Accred : Unknown,ISTIADI,161222,Universitas Widya Gama,S1 - Teknik Informatika
ANALISIS PERSEPSI KUALITAS PERKULIAHAN DI LABORATORIUM PERKANTORA DAN SEKRETARI PROGRAM PENDIDIKAN VOKASI UNIVERSITAS INDONESIA,https://garuda.kemdikbud.go.id/documents/detail/3913193,"Jurnal Vokasi Indonesia Vol. 4, No. 1","Jurnal Vokasi Indonesia Vol. 4, No. 1",Author Order : 5 of 5,"Jurnal Vokasi Indonesia Vol. 4, No. 1",2016,DOI: -,Accred : Unknown,ISTIADI,161222,Universitas Widya Gama,S1 - Teknik Informatika
RISK MANAGEMENT ANALYSIS ON THE CAR DRIVERS IN INDONESIA,https://garuda.kemdikbud.go.id/documents/detail/605077,"JURNAL MANAJEMEN TRANSPORTASI & LOGISTIK Vol 2, No 2 (2015): JULI 221-226","JURNAL MANAJEMEN TRANSPORTASI & LOGISTIK Vol 2, No 2 (2015): JULI 221-226",Author Order : 5 of 5,"JURNAL MANAJEMEN TRANSPORTASI & LOGISTIK Vol 2, No 2 (2015): JULI 221-226",2015,DOI: 10.25292/j.mtl.v2i2.125,Accred : Unknown,ISTIADI,161222,Universitas Widya Gama,S1 - Teknik Informatika
Air Cargo Capacity on Cargo Terminal Development Plan at Soekarno-Hatta International Airport,https://garuda.kemdikbud.go.id/documents/detail/415644,"JURNAL MANAJEMEN TRANSPORTASI & LOGISTIK Vol 1, No 2 (2014): JURNAL MANAJEMEN TRANSPORTASI & LOGISTIK","JURNAL MANAJEMEN TRANSPORTASI & LOGISTIK Vol 1, No 2 (2014): JURNAL MANAJEMEN TRANSPORTASI & LOGISTIK",Author Order : 5 of 5,"JURNAL MANAJEMEN TRANSPORTASI & LOGISTIK Vol 1, No 2 (2014): JURNAL MANAJEMEN TRANSPORTASI & LOGISTIK",2014,DOI: -,Accred : Unknown,ISTIADI,161222,Universitas Widya Gama,S1 - Teknik Informatika
Paratransit Ergonomics,https://garuda.kemdikbud.go.id/documents/detail/415668,"JURNAL MANAJEMEN TRANSPORTASI & LOGISTIK Vol 1, No 2 (2014): JURNAL MANAJEMEN TRANSPORTASI & LOGISTIK","JURNAL MANAJEMEN TRANSPORTASI & LOGISTIK Vol 1, No 2 (2014): JURNAL MANAJEMEN TRANSPORTASI & LOGISTIK",Author Order : 5 of 5,"JURNAL MANAJEMEN TRANSPORTASI & LOGISTIK Vol 1, No 2 (2014): JURNAL MANAJEMEN TRANSPORTASI & LOGISTIK",2014,DOI: -,Accred : Unknown,ISTIADI,161222,Universitas Widya Gama,S1 - Teknik Informatika
Paratransit Ergonomics,https://garuda.kemdikbud.go.id/documents/detail/604499,"JURNAL MANAJEMEN TRANSPORTASI & LOGISTIK Vol 1, No 2 (2014): JULI 165-176","JURNAL MANAJEMEN TRANSPORTASI & LOGISTIK Vol 1, No 2 (2014): JULI 165-176",Author Order : 5 of 5,"JURNAL MANAJEMEN TRANSPORTASI & LOGISTIK Vol 1, No 2 (2014): JULI 165-176",2014,DOI: 10.25292/j.mtl.v1i2.16,Accred : Unknown,ISTIADI,161222,Universitas Widya Gama,S1 - Teknik Informatika
Air Cargo Capacity on Cargo Terminal Development Plan at Soekarno-Hatta International Airport,https://garuda.kemdikbud.go.id/documents/detail/605234,"JURNAL MANAJEMEN TRANSPORTASI & LOGISTIK Vol 1, No 2 (2014): JULI 139-156","JURNAL MANAJEMEN TRANSPORTASI & LOGISTIK Vol 1, No 2 (2014): JULI 139-156",Author Order : 5 of 5,"JURNAL MANAJEMEN TRANSPORTASI & LOGISTIK Vol 1, No 2 (2014): JULI 139-156",2014,DOI: 10.25292/j.mtl.v1i2.14,Accred : Unknown,ISTIADI,161222,Universitas Widya Gama,S1 - Teknik Informatika
APLIKASI SISTEM PAKAR DENGAN PENDEKATAN INTERACTIVE VOICE RESPONSE (IVR) MENGGUNAKAN MEDIA TELEPON UNTUK DIAGNOSIS PENYAKIT DEMAM BERDARAH DENGUE,https://garuda.kemdikbud.go.id/documents/detail/114520,"WIDYA TEKNIKA Vol 19, No 1: MARET 2011","WIDYA TEKNIKA Vol 19, No 1: MARET 2011",Author Order : 0 of 0,"WIDYA TEKNIKA Vol 19, No 1: MARET 2011",2011,DOI: -,Accred : Unknown,ISTIADI,161222,Universitas Widya Gama,S1 - Teknik Informatika
APLIKASI SISTEM PAKAR BERBASIS WAP SITEDENGAN PENDEKATAN STATIS UNTUK DIAGNOSIS GANGGUAN MESIN SEPEDA MOTOR,https://garuda.kemdikbud.go.id/documents/detail/114429,"PROTON Vol 2, No 1 (2010)","PROTON Vol 2, No 1 (2010)",Author Order : 0 of 0,"PROTON Vol 2, No 1 (2010)",2010,DOI: -,Accred : Unknown,ISTIADI,161222,Universitas Widya Gama,S1 - Teknik Informatika
APLIKASI SISTEM PAKAR MENGGUNAKAN MEDIA SHORT MESSAGE SERVICE (SMS) DIAGNOSIS GANGGUAN MESIN SEPEDA MOTOR,https://garuda.kemdikbud.go.id/documents/detail/114528,"WIDYA TEKNIKA Vol 18, No 2: OKTOBER 2010","WIDYA TEKNIKA Vol 18, No 2: OKTOBER 2010",Author Order : 0 of 0,"WIDYA TEKNIKA Vol 18, No 2: OKTOBER 2010",2010,DOI: -,Accred : Unknown,ISTIADI,161222,Universitas Widya Gama,S1 - Teknik Informatika
MODEL PENGENDALI OVEN SEMIOTOMATIS BERBASIS MIKROKONTROLER,https://garuda.kemdikbud.go.id/documents/detail/114538,"WIDYA TEKNIKA Vol 18, No 1: MARET 2010","WIDYA TEKNIKA Vol 18, No 1: MARET 2010",Author Order : 0 of 0,"WIDYA TEKNIKA Vol 18, No 1: MARET 2010",2010,DOI: -,Accred : Unknown,ISTIADI,161222,Universitas Widya Gama,S1 - Teknik Informatika
